,City,Cloudiness,Country,Date,Humidity,Lat,Lng,Max Temp,Wind Speed
0,Oudtshoorn,0,ZA,1536904800,71,-33.59,22.2,55.4,6.93
1,Carnarvon,0,ZA,1536906853,67,-30.97,22.13,36.47,4.25
2,Atuona,12,PF,1536906556,100,-9.8,-139.03,79.4,17.78
3,Burmakino,0,RU,1536906854,78,57.43,40.31,56.09,7.94
4,Saldanha,0,PT,1536906854,88,41.42,-6.55,52.22,3.58
5,Hofn,100,IS,1536906559,100,64.25,-15.21,45.38,6.93
6,Punta Arenas,75,CL,1536904800,93,-53.16,-70.91,39.2,8.05
7,Tura,92,IN,1536906855,93,25.52,90.21,80.66,2.35
8,Mount Isa,0,AU,1536904800,13,-20.73,139.49,89.6,5.82
9,Victoria,90,BN,1536904800,74,5.28,115.24,87.8,4.7
10,Esperance,20,TT,1536904800,88,10.24,-61.45,78.8,6.15
11,Albany,75,US,1536904440,89,42.65,-73.75,66.02,2.57
12,Goderich,0,CA,1536906856,93,43.74,-81.71,66.98,10.96
13,Cape Town,75,ZA,1536904800,93,-33.93,18.42,53.6,9.17
14,Hermanus,36,ZA,1536906499,80,-34.42,19.24,53.57,7.27
15,Avarua,75,CK,1536904800,77,-21.21,-159.78,69.8,3.36
17,San Patricio,92,PY,1536906555,98,-26.98,-56.83,63.74,5.03
18,Norman Wells,90,CA,1536904800,59,65.28,-126.83,37.4,8.05
19,Prado,44,BR,1536906858,99,-17.34,-39.22,74.27,11.18
20,Hobart,0,AU,1536904800,52,-42.88,147.33,69.8,18.34
21,Rikitea,88,PF,1536906622,100,-23.12,-134.97,73.82,10.29
23,Yellowknife,90,CA,1536904800,100,62.45,-114.38,32,6.93
25,Talnakh,32,RU,1536906859,78,69.49,88.39,40.79,15.99
26,San Cristobal,75,EC,1536904800,81,-0.39,-78.55,48.2,3.36
27,Port Alfred,0,ZA,1536906859,92,-33.59,26.89,60.77,7.94
28,Busselton,36,AU,1536906860,100,-33.64,115.35,58.34,19.46
29,New Norfolk,0,AU,1536904800,57,-42.78,147.06,69.8,18.34
30,Saquarema,0,BR,1536904800,77,-22.93,-42.51,68,3.36
31,Strezhevoy,40,RU,1536903000,81,60.73,77.6,53.6,17.9
32,Camacha,40,PT,1536904800,83,33.08,-16.33,69.8,8.05
33,Dayong,92,PH,1536906861,100,11.74,122.04,79.04,26.17
34,East London,0,ZA,1536904800,63,-33.02,27.91,60.8,9.17
35,Halifax,5,CA,1536904800,93,44.65,-63.58,57.2,3.36
36,Touros,0,BR,1536906844,85,-5.2,-35.46,73.55,15.99
37,Norrtalje,0,SE,1536904200,81,59.76,18.7,53.6,10.29
38,Thompson,90,CA,1536904800,93,55.74,-97.86,42.8,13.87
39,Kavieng,24,PG,1536906862,100,-2.57,150.8,83.72,2.35
40,Graaff-Reinet,0,ZA,1536906863,53,-32.25,24.53,47,4.03
41,Vaini,8,IN,1536906618,82,15.34,74.49,80.66,3.69
42,Dikson,64,RU,1536906863,99,73.51,80.55,38.99,19.46
43,Shaoxing,75,CN,1536904800,66,30,120.58,87.8,6.71
44,Ushuaia,20,AR,1536904800,69,-54.81,-68.31,39.2,20.8
45,Areia Branca,40,BR,1536904800,61,-10.76,-37.31,77,12.75
49,Mar del Plata,0,AR,1536906280,57,-46.43,-67.52,52.49,22.03
50,Bredasdorp,100,ZA,1536904800,67,-34.53,20.04,57.2,5.82
51,Tuktoyaktuk,90,CA,1536901200,92,69.44,-133.03,28.4,13.87
52,Harper,90,US,1536904500,91,30.3,-99.24,73.94,6.6
53,Palauig,92,PH,1536906866,100,15.44,119.9,78.86,9.28
54,Mahebourg,40,MU,1536904800,61,-20.41,57.7,77,13.87
55,Namibe,76,AO,1536906553,100,-15.19,12.15,64.82,1.68
56,Cherskiy,76,RU,1536906866,59,68.75,161.3,45.2,2.57
57,Mandalgovi,0,MN,1536906866,72,45.76,106.27,43.22,18.01
58,Puerto Ayora,68,EC,1536906867,100,-0.74,-90.35,70.22,10.63
60,Torbay,90,CA,1536904800,100,47.66,-52.73,50,8.05
61,Bykovo,0,RU,1536906868,36,49.76,45.39,75.08,4.59
62,Longyearbyen,75,NO,1536904200,100,78.22,15.63,32,5.82
63,Lebu,44,ET,1536906868,80,8.96,38.73,61.67,3.58
64,Pesochenskiy,88,RU,1536906868,89,54.17,36.11,57.08,5.37
65,Kavaratti,8,IN,1536906554,100,10.57,72.64,82.19,3.58
66,Qaanaaq,0,GL,1536906625,100,77.48,-69.36,24.23,6.15
67,Otjimbingwe,0,NA,1536906869,75,-22.35,16.13,50.69,2.68
68,Selikhino,36,RU,1536906869,93,50.37,137.51,62.21,3.36
69,Kapaa,90,US,1536904560,90,22.08,-159.32,78.08,19.46
70,Ouesso,48,CG,1536906870,90,1.61,16.05,75.08,2.91
72,Lecce,40,IT,1536904800,88,40.36,18.17,75.2,3.13
73,Severo-Kurilsk,36,RU,1536906871,84,50.68,156.12,55.91,7.61
74,Shymkent,0,KZ,1536904800,23,42.31,69.59,73.4,8.95
75,Ancud,36,CL,1536906871,79,-41.87,-73.83,38.27,2.46
76,Beyneu,0,KZ,1536906871,33,45.32,55.19,70.04,10.96
77,Calabozo,0,VE,1536906872,83,8.92,-67.43,76.7,7.16
78,Port Augusta,88,AU,1536904800,12,-32.49,137.76,86,25.28
79,Chokurdakh,88,RU,1536906623,95,70.62,147.9,39.71,13.65
80,Cabo San Lucas,0,MX,1536906872,100,22.89,-109.91,84.17,8.05
81,Asyut,0,EG,1536901200,46,27.18,31.19,73.4,2.24
82,Coahuayana,80,MX,1536906873,95,18.62,-100.35,64.46,2.46
83,Lubaczow,20,PL,1536904800,88,50.16,23.12,62.6,4.47
85,Flin Flon,44,CA,1536906874,100,54.77,-101.88,40.52,7.94
86,Butaritari,80,KI,1536906553,100,3.07,172.79,85.25,10.63
87,Jamestown,80,AU,1536906446,22,-33.21,138.6,76.79,21.03
88,Husavik,76,CA,1536906874,94,50.56,-96.99,56.18,10.18
89,Nikolskoye,0,RU,1536904800,87,59.7,30.79,53.6,13.42
90,Kailua,75,US,1536904620,81,21.39,-157.74,80.06,10.29
91,Paraiso,0,MX,1536906875,64,24.01,-104.61,60.68,6.04
92,Sorland,75,NO,1536904200,81,67.67,12.69,50,20.8
93,Alice Springs,0,AU,1536904800,8,-23.7,133.88,89.6,13.87
95,Tateyama,75,JP,1536904800,73,36.66,137.31,77,6.93
96,Tiksi,0,RU,1536906463,80,71.64,128.87,46.01,4.14
97,Lamar,1,US,1536904380,50,38.09,-102.62,75.92,25.28
98,Arraial do Cabo,0,BR,1536906859,92,-22.97,-42.02,68.87,22.03
99,Komsomolskiy,92,RU,1536906877,100,67.55,63.78,45.74,9.62
100,Mopti,20,ML,1536904800,61,14.49,-4.19,80.6,27.51
101,Emilio Carranza,20,MX,1536906877,98,19.97,-96.61,70.31,1.79
102,Aklavik,20,CA,1536904800,86,68.22,-135.01,26.6,6.93
104,Caravelas,36,BR,1536906878,100,-17.73,-39.27,73.37,11.18
105,Kaitangata,44,NZ,1536906878,56,-46.28,169.85,57.35,14.76
107,Gerash,0,IR,1536901200,29,27.67,54.14,91.4,3.13
108,Hilo,75,US,1536904560,81,19.71,-155.08,78.08,4.7
109,Hithadhoo,80,MV,1536906621,100,-0.6,73.08,82.82,14.2
110,Chumikan,92,RU,1536906879,100,54.72,135.31,49.79,7.05
111,Say,20,NE,1536904800,78,13.1,2.36,73.4,13.87
113,Placerville,1,US,1536904680,44,38.73,-120.8,62.78,4.7
114,Labuhan,0,ID,1536906880,47,-2.54,115.51,89.75,3.58
115,Bethel,1,US,1536904380,74,60.79,-161.76,55.94,4.7
117,Hay River,75,CA,1536904800,76,60.82,-115.79,32,6.38
118,Saint-Augustin,90,FR,1536904800,93,44.83,-0.61,60.8,3.36
119,Isangel,64,VU,1536906621,100,-19.55,169.27,74.18,17.9
120,Ostrovnoy,88,RU,1536906882,100,68.05,39.51,46.19,4.7
121,Pleshanovo,75,RU,1536904800,87,57.46,28.17,51.8,4.47
122,Porgera,80,PG,1536906883,75,-5.46,143.15,62.84,2.13
125,La Primavera,0,AR,1536904800,81,-32.92,-68.67,50,2.8
126,Oksfjord,75,NO,1536904200,93,70.24,22.35,50,5.82
127,Broome,0,GB,1536906000,76,52.47,1.45,55.4,6.93
128,Mataura,8,NZ,1536906430,58,-46.19,168.86,57.08,12.75
129,Tabas,0,IR,1536904800,8,33.6,56.92,91.4,4.7
131,Port-Gentil,90,GA,1536904800,94,-0.72,8.78,77,9.17
132,Garowe,0,SO,1536906885,42,8.41,48.48,87.14,18.01
133,Lompoc,1,US,1536904680,86,34.64,-120.46,57.02,3.36
134,Castro,32,CL,1536906432,98,-42.48,-73.76,35.84,2.13
135,Katsuura,75,JP,1536904800,83,33.93,134.5,80.6,8.05
136,Tvedestrand,75,NO,1536904200,100,58.62,8.93,46.4,4.7
137,Saint-Philippe,1,CA,1536904800,93,45.36,-73.48,64.4,2.24
138,Pokosnoye,92,RU,1536906886,100,55.53,101.05,37.55,4.81
139,Broken Hill,0,AU,1536906887,30,-31.97,141.45,77.96,13.53
140,Zhigansk,56,RU,1536906887,64,66.77,123.37,46.19,3.36
141,Zhangye,80,CN,1536906887,88,38.94,100.46,48.53,3.91
143,Bluff,0,AU,1536906555,26,-23.58,149.07,85.07,9.17
144,Banyo,56,CM,1536906888,98,6.75,11.81,63.92,3.8
145,Bijie,76,CN,1536906888,83,27.3,105.3,73.1,4.92
146,Sitka,0,US,1536906888,62,37.17,-99.65,77.69,16.78
147,Ribeira Grande,75,PT,1536904800,88,38.52,-28.7,71.6,9.17
148,Port Macquarie,0,AU,1536904800,50,-31.43,152.91,75.2,18.34
149,Kaspiyskiy,20,RU,1536906889,74,45.39,47.37,75.44,8.39
151,Road Town,20,VG,1536904380,74,18.42,-64.62,82.94,19.46
152,Sumbe,76,AO,1536906890,100,-11.2,13.84,67.88,2.24
153,Gusino,8,RU,1536906890,86,54.72,31.37,59.15,4.7
154,Honningsvag,92,NO,1536906890,98,70.98,25.97,48.35,5.59
155,Barrow,0,AR,1536906427,93,-38.31,-60.23,49.79,8.61
157,Waddan,0,LY,1536906891,65,29.16,16.14,66.26,4.59
158,Sioux Lookout,90,CA,1536905100,100,50.1,-91.92,66.2,3.36
159,Berlevag,75,NO,1536904200,100,70.86,29.09,48.2,5.82
160,Chabahar,20,IR,1536906892,100,25.29,60.65,81.02,1.68
161,Vostok,0,RU,1536906892,76,46.45,135.83,63.11,4.7
162,Dunda,8,IN,1536906892,95,30.62,78.32,63.92,1.9
163,Tanout,32,NE,1536906893,61,14.97,8.88,74.09,5.48
164,Hervey Bay,0,AU,1536906893,82,-25.3,152.85,71.57,8.39
165,Coihaique,0,CL,1536904800,70,-45.58,-72.07,46.4,3.36
166,Pisco,0,PE,1536904800,87,-13.71,-76.2,60.8,8.05
167,San Andres,92,PH,1536906894,100,13.32,122.68,80.84,21.81
168,Terrace,20,CA,1536904800,52,54.52,-128.61,42.8,3.36
169,West Wendover,1,US,1536904560,6,40.74,-114.07,68,12.75
170,Kuryk,0,KZ,1536906895,50,43.18,51.68,74.36,17.11
171,Galle,1,US,1536904560,96,29.74,-97.91,75.2,6.93
172,Sibolga,36,ID,1536906895,72,1.74,98.78,80.84,3.13
173,Aswan,0,EG,1536901200,26,24.09,32.9,82.4,6.93
174,Madang,100,PG,1536906896,99,-5.21,145.81,77.6,2.91
175,Airai,64,TL,1536906896,37,-8.93,125.41,84.71,1.45
176,Khatanga,0,RU,1536906896,99,71.98,102.47,45.02,5.37
177,Ossora,0,RU,1536906897,88,59.24,163.07,47.9,18.57
178,Adrar,36,DZ,1536904800,38,27.87,-0.29,77,6.93
179,Ilulissat,24,GL,1536904200,74,69.22,-51.1,30.2,4.47
180,Luzhou,88,CN,1536906897,96,28.89,105.45,70.85,4.14
181,Monte Alegre,0,BR,1536906898,67,-2,-54.07,79.49,5.14
182,Braganca,0,BR,1536906898,78,-1.05,-46.77,76.79,8.16
183,Ivankiv,0,UA,1536904800,82,50.93,29.9,66.2,2.24
184,Dunedin,0,NZ,1536906692,81,-45.87,170.5,53.84,2.46
187,Cayenne,20,GF,1536904800,100,4.94,-52.33,73.4,2.24
188,Faanui,92,PF,1536906899,100,-16.48,-151.75,80.03,13.53
189,Mtwango,0,TZ,1536906900,67,-9.02,34.8,65.99,8.84
190,Bathsheba,40,BB,1536904800,78,13.22,-59.52,82.4,19.46
191,Nizwa,0,OM,1536906900,21,22.93,57.53,96.05,4.59
192,Pitimbu,20,BR,1536904800,94,-7.47,-34.81,68,8.05
193,Bubaque,20,GW,1536904800,94,11.28,-15.83,77,4.25
194,Palmer,1,US,1536904560,69,61.6,-149.11,55.04,3.36
195,Vila Velha,0,BR,1536904800,78,-3.71,-38.6,77,13.87
196,Port Hedland,0,AU,1536904800,15,-20.31,118.58,95,16.11
197,Kahului,20,US,1536904560,81,20.89,-156.47,80.06,17.22
198,Luzilandia,0,BR,1536906905,56,-3.46,-42.37,76.79,8.95
199,Karratha,0,AU,1536906905,9,-20.74,116.85,97.49,6.71
200,Padang,12,ID,1536906906,100,-0.92,100.36,79.4,4.7
201,Avera,1,US,1536904500,82,33.19,-82.53,80.06,4.7
202,Binzhou,44,CN,1536906739,64,37.38,117.96,83.54,4.59
203,Alekseyevsk,36,RU,1536906907,52,57.84,108.35,48.71,6.15
204,Mackenzie,1,CA,1536904800,79,55.34,-123.09,28.4,3.36
205,Emirdag,0,TR,1536904200,67,39.02,31.15,60.8,6.93
206,Aykhal,32,RU,1536906907,66,65.95,111.51,44.03,4.92
207,Nabire,88,ID,1536906907,91,-3.36,135.5,74.18,1.9
208,Tottori,75,JP,1536904800,88,35.5,134.23,75.2,4.7
209,Koping,75,SE,1536904200,81,59.51,15.99,53.6,13.87
210,Sokolo,20,ML,1536906908,92,14.74,-6.12,68.51,3.36
211,Tolaga Bay,0,NZ,1536906909,79,-38.37,178.3,55.37,3.36
212,Ponta do Sol,56,BR,1536906909,96,-20.63,-46,58.61,2.24
213,Novikovo,44,UA,1536906909,91,45.05,34.56,70.49,10.63
214,Pevek,92,RU,1536906910,90,69.7,170.27,48.62,9.06
215,Byron Bay,0,AU,1536904800,60,-28.65,153.62,71.6,12.75
216,Ferrol,75,ES,1536904800,93,43.48,-8.23,62.6,4.7
217,Huarmey,0,PE,1536906910,85,-10.07,-78.15,52.85,3.36
218,Beloha,0,MG,1536906911,48,-25.17,45.06,74.72,4.7
219,Margherita,75,IN,1536904800,83,27.29,95.67,82.4,11.41
221,Saint-Pierre,76,FR,1536904800,87,48.95,4.24,59,5.82
222,Pryazha,0,RU,1536904800,81,61.69,33.62,53.6,6.71
224,Boffa,92,GN,1536906912,100,10.18,-14.04,70.67,3.91
225,Voznesenye,12,RU,1536906913,100,61.02,35.48,54.47,10.18
226,Samarai,92,PG,1536906913,100,-10.62,150.67,77.69,16.22
228,Matamoros,1,US,1536904740,96,25.87,-97.51,80.06,3.36
229,Vestmannaeyjar,0,IS,1536906480,93,63.44,-20.27,39.2,10.29
230,Balaipungut,24,ID,1536906914,73,1.11,101.31,88.22,3.58
232,Kieta,92,PG,1536906914,100,-6.22,155.63,74.81,2.91
233,Tabuk,88,PH,1536906915,78,17.41,121.44,77.69,5.59
234,Bonoua,40,CI,1536904800,88,5.27,-3.6,77,6.93
235,Techiman,68,GH,1536906915,95,7.58,-1.94,71.57,7.27
237,Obzor,20,BG,1536904800,64,42.82,27.88,71.6,12.75
238,Saskylakh,0,RU,1536906916,74,71.97,114.09,48.26,6.82
239,Plettenberg Bay,0,ZA,1536906916,100,-34.05,23.37,58.52,16.78
240,Kichera,44,RU,1536906916,86,55.93,110.1,41.69,5.48
241,Muscat,0,OM,1536906917,80,23.6,58.55,86.6,4.03
242,Shimoda,75,JP,1536904800,88,34.7,138.93,71.6,8.05
243,Bikapur,8,IN,1536906917,67,26.66,82.14,91.64,8.72
244,Narsaq,92,GL,1536904200,86,60.91,-46.05,37.4,6.93
245,Upernavik,56,GL,1536906557,100,72.79,-56.15,35.57,2.68
247,General Roca,0,AR,1536901200,60,-39.03,-67.58,42.8,2.24
248,Carauari,44,BR,1536906918,97,-4.88,-66.9,73.37,4.25
249,Necochea,0,AR,1536906919,97,-38.55,-58.74,42.68,3.91
250,Prince Rupert,75,CA,1536904800,87,54.32,-130.32,46.4,2.24
251,Kununurra,75,AU,1536904800,19,-15.77,128.74,98.6,8.05
252,Aksarka,92,RU,1536906919,100,66.56,67.8,47.54,12.3
253,Slave Lake,90,CA,1536904800,84,55.28,-114.77,32,4.7
254,Senahu,76,GT,1536906920,93,15.42,-89.82,69.59,1.68
255,Sao Joao da Barra,0,BR,1536906920,100,-21.64,-41.05,72.02,19.46
256,Syracuse,40,US,1536904560,100,43.05,-76.15,68,6.93
257,Aripuana,36,BR,1536906920,84,-9.17,-60.63,75.53,4.14
258,San Quintin,90,PH,1536901200,94,17.54,120.52,80.6,11.41
259,Tasiilaq,92,GL,1536904200,86,65.61,-37.64,39.2,1.12
260,Salalah,90,OM,1536904200,78,17.01,54.1,78.8,9.17
261,Lavrentiya,88,RU,1536906921,95,65.58,-170.99,49.34,17.45
262,Laguna,0,MX,1536906922,63,27.52,-110.01,83.99,2.35
264,Deputatskiy,24,RU,1536906922,64,69.3,139.9,41.51,8.39
265,Cidreira,92,BR,1536906560,92,-30.17,-50.22,62.3,10.18
266,Harlingen,75,US,1536904740,96,26.19,-97.7,80.96,4.7
267,Port Elizabeth,90,US,1536906120,100,39.31,-74.98,71.96,8.05
268,Gazanjyk,0,TM,1536906923,37,39.24,55.52,76.34,4.03
269,Coquimbo,90,CL,1536904800,81,-29.95,-71.34,53.6,2.24
270,Valparaiso,1,US,1536905700,98,41.47,-87.06,62.96,3.36
271,LUGOBA,12,TZ,1536906924,74,-6.46,38.33,77.42,2.91
272,Klaksvik,92,FO,1536904200,93,62.23,-6.59,42.8,5.14
273,Georgetown,20,GY,1536904800,100,6.8,-58.16,71.6,4.7
274,Sao Filipe,68,CV,1536906925,100,14.9,-24.5,75.89,6.38
275,Maralal,0,KE,1536906925,89,1.1,36.7,64.82,3.47
276,Santa Cruz,1,US,1536904560,83,36.97,-122.03,60.98,2.13
277,Villamontes,100,BO,1536906926,98,-21.26,-63.47,62.3,4.92
278,Santa Maria,92,BR,1536906927,100,-29.69,-53.81,60.77,3.8
279,Sokoto,0,NG,1536906928,95,13.06,5.24,71.03,6.93
280,Fortuna,75,ES,1536904800,94,38.18,-1.13,73.4,2.35
282,Pa Sang,40,TH,1536904800,62,18.53,98.94,89.6,5.82
283,Bam,0,IR,1536906929,16,29.11,58.36,83.72,4.25
284,Salekhard,80,RU,1536906929,100,66.54,66.62,47.27,8.84
285,Kangaatsiaq,80,GL,1536906929,100,68.31,-53.46,37.19,4.92
286,Manakara,44,MG,1536906929,100,-22.14,48.01,74.09,7.27
287,Pimentel,8,BR,1536906930,71,-3.7,-45.5,76.07,5.93
288,Solginskiy,48,RU,1536906930,78,61.05,41.34,55.1,18.45
290,Kapit,20,MY,1536906930,36,2.02,112.94,94.7,3.24
291,Lamesa,1,US,1536904500,81,32.74,-101.95,69.26,5.82
293,Mukhen,56,RU,1536906931,83,48.19,136.14,62.39,6.38
294,Umm Lajj,0,SA,1536906931,87,25.02,37.27,85.97,7.27
295,Namwala,0,ZM,1536906932,43,-15.75,26.45,69.59,3.91
296,Kjollefjord,75,NO,1536904200,100,70.95,27.35,48.2,5.82
297,Chuy,64,UY,1536906932,98,-33.69,-53.46,57.17,9.73
298,Beringovskiy,92,RU,1536906932,100,63.05,179.32,50.24,17.67
299,Mount Gambier,20,AU,1536906933,56,-37.83,140.78,65.9,10.85
300,Astoria,75,US,1536904500,96,46.19,-123.83,55.94,4.7
301,Baiyin,75,CN,1536901200,50,36.55,104.13,55.4,13.42
302,Marabba,0,SD,1536906934,73,12.35,32.18,82.73,4.59
303,Okhotsk,0,RU,1536906934,79,59.36,143.24,54.65,4.14
304,Pasighat,100,IN,1536906934,92,28.06,95.33,71.48,0.56
305,Dicabisagan,92,PH,1536906934,100,17.08,122.42,78.14,18.9
306,Frutal,92,BR,1536906935,76,-20.02,-48.93,68.15,4.03
307,Papara,0,BR,1536904800,78,-3.98,-38.73,77,13.87
308,Saint George,0,GR,1536904200,64,39.45,22.34,68,3.36
310,Cabedelo,20,BR,1536904800,94,-6.97,-34.84,68,8.05
311,Antalaha,80,MG,1536906936,97,-14.9,50.28,71.84,8.72
312,Valle del Guamuez,44,CO,1536906936,88,0.45,-76.92,68.06,2.24
313,Hasaki,75,JP,1536903000,78,35.73,140.83,77,4.7
314,Alibag,75,IN,1536904800,78,18.64,72.88,82.4,8.28
315,Bosobolo,48,CD,1536906937,96,4.19,19.88,73.46,1.57
316,The Pas,90,CA,1536904800,87,53.82,-101.24,44.6,9.17
317,Muros,40,ES,1536904800,100,42.77,-9.06,60.8,4.7
318,Petatlan,88,MX,1536906938,99,17.52,-101.27,81.74,2.91
319,Shu,0,KZ,1536906938,24,43.6,73.76,69.41,16.22
320,Bedford,90,GB,1536906000,76,52.14,-0.47,53.6,4.7
321,Havre-Saint-Pierre,20,CA,1536904800,93,50.23,-63.6,55.4,9.17
322,Bela,8,PK,1536906771,66,26.23,66.31,80.21,3.69
323,Marsh Harbour,24,BS,1536906913,99,26.54,-77.06,83.9,11.52
325,Tuni,40,BO,1536904800,93,-16.67,-68.14,39.2,6.93
326,Cocachacra,0,PE,1536906940,93,-17.09,-71.76,45.29,2.24
327,Verkhnyaya Inta,88,RU,1536906940,93,65.99,60.32,49.7,5.7
328,Geraldton,20,CA,1536904800,82,49.72,-86.95,62.6,10.29
330,Maraa,24,BR,1536906941,93,-1.83,-65.37,77.24,2.57
331,Sucre,0,BO,1536906941,56,-19.05,-65.26,35.66,2.46
332,Srednekolymsk,92,RU,1536906941,85,67.46,153.71,37.55,3.58
334,Yarada,24,IN,1536906942,100,17.65,83.27,83.54,15.21
335,Seoul,90,KR,1536904800,54,37.57,126.98,80.6,9.17
336,Talaja,88,IN,1536906942,99,21.35,72.04,77.87,4.92
337,Rocha,76,UY,1536906942,96,-34.48,-54.34,54.56,6.04
338,Los Llanos de Aridane,0,ES,1536904800,94,28.66,-17.92,71.6,6.93
339,Podporozhye,48,RU,1536906943,80,60.91,34.16,52.76,5.93
340,Bayonne,90,US,1536906300,87,40.67,-74.11,71.96,4.7
341,Ratholo,0,BW,1536906944,44,-22.72,27.57,64.37,3.02
342,Abu Samrah,0,SY,1536906944,65,35.3,37.18,75.8,11.97
344,Vardo,90,US,1536905100,84,39.62,-77.74,73.94,6.93
345,Nakamura,75,JP,1536904800,83,35.17,136.87,75.2,4.7
346,Bambous Virieux,40,MU,1536904800,61,-20.34,57.76,77,13.87
348,Igarka,12,RU,1536906945,70,67.47,86.57,43.94,25.5
349,Tuatapere,0,NZ,1536906946,80,-46.13,167.69,54.65,15.1
350,Kefamenanu,8,ID,1536906946,28,-9.45,124.48,87.95,1.9
352,Kodiak,1,US,1536904380,100,39.95,-94.76,68,3.36
353,Muana,0,BR,1536906947,90,-1.53,-49.22,80.03,9.62
354,Brigantine,90,US,1536906120,100,39.41,-74.36,71.96,9.17
355,Hailar,92,CN,1536906947,71,49.2,119.7,61.85,11.3
356,Cravo Norte,8,CO,1536906947,89,6.3,-70.2,75.89,2.8
357,Iqaluit,40,CA,1536904800,86,63.75,-68.52,30.2,4.7
358,Belaya Gora,92,RU,1536906948,99,68.54,146.19,39.44,9.62
359,Shanghai,75,CN,1536904800,62,31.23,121.49,86,6.71
360,Mao,20,DO,1536904800,100,19.55,-71.08,77,4.7
361,Ivybridge,40,GB,1536906000,87,50.39,-3.92,53.6,1.12
362,Makokou,92,GA,1536906949,96,0.56,12.85,71.66,2.8
363,La Ronge,90,CA,1536904800,100,55.1,-105.3,35.6,5.82
364,Tadine,92,NC,1536906949,91,-21.55,167.88,73.82,16.11
365,Bilibino,92,RU,1536906950,95,68.06,166.44,41.6,5.26
366,Lugovoy,88,RU,1536906950,75,59.72,65.88,54.38,14.99
368,Lagoa,0,PT,1536904800,94,37.14,-8.45,69.8,6.93
369,Carballo,75,ES,1536904800,93,43.21,-8.69,62.6,4.7
370,Hambantota,36,LK,1536906951,90,6.12,81.12,83.63,12.3
371,Kochinda,56,IN,1536906951,82,21.73,84.35,86.42,6.26
372,Nyurba,12,RU,1536906952,57,63.29,118.35,49.79,5.03
373,Boyolangu,12,ID,1536906952,39,-8.09,111.9,88.67,10.18
374,Palana,92,RU,1536906944,97,59.08,159.95,43.49,6.82
375,Gumdag,0,TM,1536906952,49,39.2,54.59,78.32,5.59
376,Provideniya,90,RU,1536903000,93,64.42,-173.23,46.4,8.95
378,Kargil,20,PK,1536906953,75,34.56,76.13,38.54,1.57
380,Tuy Hoa,76,VN,1536906953,85,13.08,109.3,84.44,6.15
381,Clyde River,90,CA,1536904800,100,70.47,-68.59,33.8,9.17
382,Miracema do Tocantins,0,BR,1536906954,46,-9.56,-48.4,73.82,7.94
383,Parkes,0,AU,1536906954,52,-33.14,148.18,69.41,6.04
384,Margate,0,AU,1536904800,57,-43.03,147.26,69.8,18.34
385,Ewing,90,US,1536905700,92,40.27,-74.8,71.96,8.05
386,Ode,76,NG,1536906955,98,7.79,5.71,71.3,5.93
387,Mayumba,68,GA,1536906955,100,-3.44,10.65,73.28,5.26
388,Henties Bay,8,NA,1536906956,100,-22.12,14.28,53.12,2.46
389,Tambun,75,MY,1536904800,59,4.62,101.14,91.4,3.36
390,Beidao,100,CN,1536906956,96,34.57,105.89,58.79,3.69
392,Souillac,0,FR,1536904800,82,45.6,-0.6,62.6,4.7
393,Otane,0,NZ,1536906957,71,-39.89,176.62,54.92,4.36
394,Gravdal,75,NO,1536904200,71,59.79,5.78,55.4,21.92
395,Hovd,75,NO,1536904200,87,63.83,10.7,50,2.24
396,Pangnirtung,8,CA,1536906958,92,66.15,-65.72,31.43,15.77
397,Phaphund,0,IN,1536906958,54,26.6,79.47,92.99,9.51
398,Cururupu,0,BR,1536906958,79,-1.82,-44.87,77.87,9.73
400,Batetskiy,76,RU,1536906959,80,58.65,30.3,54.83,4.92
401,Scarborough,68,GB,1536904200,81,54.28,-0.41,55.4,9.17
402,Grindavik,0,IS,1536904800,75,63.84,-22.43,41,17.22
403,Prince Albert,90,CA,1536904800,93,53.2,-105.75,39.2,6.93
404,Ahipara,48,NZ,1536906960,91,-35.17,173.16,54.74,7.61
405,Teya,75,MX,1536904020,88,21.05,-89.07,78.8,9.17
406,Yendi,48,GH,1536906960,90,9.45,0,73.19,7.61
407,Cairns,40,AU,1536904800,47,-16.92,145.77,80.6,19.46
408,Kharan,0,PK,1536906961,21,28.58,65.42,85.7,0.89
409,Seymchan,80,RU,1536906961,67,62.93,152.39,41.42,6.93
410,Sur,0,OM,1536906961,92,22.57,59.53,84.35,1.9
411,Barcelos,75,PT,1536904800,100,41.53,-8.62,59,2.46
412,Dyurtyuli,0,RU,1536906962,64,55.49,54.86,61.22,10.63
413,Kanniyakumari,0,IN,1536906962,97,8.08,77.57,80.21,15.55
414,Manavalakurichi,40,IN,1536904800,70,8.13,77.3,86,13.87
415,Cordoba,36,CO,1536906963,100,5.59,-73.79,48.62,1.57
417,Vila Franca do Campo,20,PT,1536904800,77,37.72,-25.43,69.8,3.36
419,Urucara,0,BR,1536906964,86,-2.54,-57.76,76.79,3.36
421,Hamilton,40,CA,1536904800,93,43.26,-79.87,69.8,8.05
422,Caboolture,0,AU,1536904800,60,-27.08,152.95,78.8,13.87
423,Petawawa,1,CA,1536905520,100,45.89,-77.27,53.6,2.46
424,Oranjemund,8,ZA,1536906552,99,-28.55,16.43,56.54,15.66
425,Cividale del Friuli,20,IT,1536904500,88,46.09,13.43,71.6,2.24
426,Mechanicsville,90,US,1536904740,93,37.62,-77.34,77,11.41
427,Bharatpur,80,NP,1536906966,87,27.68,84.43,77.51,2.91
428,Obo,0,CF,1536906966,93,5.39,26.49,72.92,6.15
429,Fuzhou,20,CN,1536904800,66,26.08,119.3,87.8,17.9
430,Gladstone,8,AU,1536906967,55,-23.84,151.26,76.25,11.41
432,Neuquen,0,AR,1536904800,76,-38.95,-68.06,41,3.36
433,Nhulunbuy,40,AU,1536905520,88,-12.18,136.78,78.8,11.41
435,Aasiaat,48,GL,1536906968,100,68.71,-52.87,39.17,5.14
436,Presidente Dutra,24,BR,1536906968,41,-5.29,-44.49,82.46,6.49
437,Yar-Sale,92,RU,1536906968,100,66.83,70.83,49.7,8.95
438,Greenwood,1,US,1536905400,79,32.03,-101.9,75.2,10.29
439,Manzhouli,68,CN,1536906969,41,49.6,117.43,65.45,4.81
440,Sao Jose da Coroa Grande,80,BR,1536906969,81,-8.9,-35.15,73.55,8.72
441,Guymon,1,US,1536905700,65,36.68,-101.48,73.4,17.22
443,Ancona,1,US,1536905700,97,41.04,-88.87,68,3.36
444,Atasu,0,KZ,1536906970,57,48.68,71.64,63.29,4.36
445,Vao,0,EE,1536906971,81,59.1,26.19,54.74,7.94
446,Skorodnoye,0,RU,1536904800,68,51.07,37.24,68,6.71
447,Belmopan,40,BZ,1536904800,83,17.25,-88.77,82.4,3.36
448,Innisfail,75,CA,1536904800,92,52.02,-113.95,28.4,4.7
450,Birao,20,CF,1536906972,100,10.3,22.78,70.85,4.47
451,Kloulklubed,75,PW,1536904200,70,7.04,134.26,86,9.17
452,Fare,92,PF,1536906972,98,-16.7,-151.02,79.58,12.41
453,Waycross,1,US,1536904560,90,31.21,-82.35,78.8,4.36
454,Ulladulla,0,AU,1536904800,56,-35.36,150.48,71.6,9.17
455,Kargasok,92,RU,1536906973,98,59.06,80.87,52.58,10.74
456,Lorengau,56,PG,1536906974,100,-2.02,147.27,83.54,7.27
457,Angouleme,0,FR,1536904800,93,45.65,0.15,62.6,5.82
458,Ericeira,0,PT,1536904800,88,38.96,-9.42,62.6,3.36
459,Thonon-les-Bains,75,FR,1536904800,100,46.37,6.48,64.4,2.24
460,Petropavlovsk-Kamchatskiy,0,RU,1536904800,37,53.05,158.65,66.2,6.71
461,Masuguru,0,MZ,1536906975,76,-11.38,38.46,75.44,4.59
462,Benguela,0,AO,1536904800,88,-12.58,13.4,68,2.8
463,The Valley,75,AI,1536904800,83,18.22,-63.06,80.6,9.17
464,Karasjok,0,NO,1536906000,93,69.47,25.52,46.4,3.36
465,Washougal,40,US,1536906540,96,45.58,-122.35,59,3.36
467,Narasapur,8,IN,1536906976,98,16.45,81.67,84.44,14.88
468,Den Helder,90,NL,1536906420,87,52.96,4.76,62.6,9.17
469,Nouadhibou,8,MR,1536904800,78,20.93,-17.03,80.6,8.05
471,Presidencia Roque Saenz Pena,56,AR,1536906977,97,-26.79,-60.44,62.21,7.94
473,Te Anau,12,NZ,1536906978,69,-45.41,167.72,49.52,8.5
474,Ayagoz,0,KZ,1536906978,30,47.96,80.43,62.03,4.7
475,Yerbogachen,76,RU,1536906979,51,61.28,108.01,46.55,3.69
477,Bilma,0,NE,1536906979,38,18.69,12.92,71.57,3.24
478,Sabla,20,NG,1536906979,96,12.75,4.71,70.85,8.39
480,Juneau,40,US,1536904560,85,58.3,-134.42,46.04,2.35
482,Kutum,32,SD,1536906980,77,14.2,24.66,71.12,4.36
483,Mizdah,0,LY,1536906980,69,31.45,12.98,68.15,3.36
484,Nangomba,8,TZ,1536906981,73,-10.9,38.52,74.54,4.59
485,Tautira,20,PF,1536904800,69,-17.73,-149.15,78.8,3.36
486,Otjiwarongo,0,NA,1536906981,37,-20.46,16.65,53.57,5.59
487,Jacareacanga,48,BR,1536906981,98,-6.22,-57.76,72.29,2.8
488,Sangar,0,RU,1536906982,44,63.92,127.47,52.22,3.91
489,Grand-Santi,0,GF,1536906982,76,4.27,-54.38,75.98,4.81
490,Bom Jesus,8,BR,1536906982,47,-9.08,-44.36,74.9,13.42
491,Inongo,76,CD,1536906983,99,-1.93,18.29,70.04,2.68
492,Nanakuli,20,US,1536904620,80,21.39,-158.15,80.06,8.05
493,San Vicente,0,SV,1536904200,94,13.64,-88.78,78.8,2.24
494,Kajaani,20,FI,1536906000,93,64.22,27.73,48.2,5.82
495,Flinders,0,AU,1536904800,56,-34.58,150.85,71.6,9.17
497,Raudeberg,75,NO,1536906000,76,61.99,5.14,51.8,21.92
498,Camalu,12,MX,1536906985,85,30.85,-116.07,63.2,4.92
499,Hobyo,32,SO,1536906985,78,5.35,48.53,79.85,18.12
500,Verkhoyansk,0,RU,1536906986,55,67.55,133.39,47.54,3.69
501,Ngunguru,12,NZ,1536906986,95,-35.62,174.5,59.15,11.18
502,Bratsk,20,RU,1536904800,64,56.15,101.63,39.2,15.66
503,Griffith,0,AU,1536906987,35,-34.29,146.06,73.1,10.51
504,Cape Canaveral,1,US,1536904380,93,28.41,-80.6,77,5.82
505,Brokopondo,0,SR,1536904800,94,5.06,-54.98,75.2,3.36
506,Bayonet Point,40,US,1536905700,100,28.33,-82.68,80.96,3.36
507,Medea,40,DZ,1536904800,100,36.27,2.77,68,2.24
508,Kerman,0,IR,1536904800,13,30.29,57.06,84.2,6.93
509,Coalinga,1,US,1536904560,38,36.14,-120.36,69.98,11.41
511,Arys,0,KZ,1536904800,23,42.43,68.8,73.4,8.95
513,Litovko,48,RU,1536906989,66,49.24,135.18,68.69,6.93
514,Gushikawa,75,JP,1536904800,74,26.35,127.87,87.8,16.11
515,Kathmandu,75,NP,1536904200,73,27.71,85.32,77,5.82
516,Waharoa,0,NZ,1536906990,67,-37.76,175.76,59.33,8.95
517,Takoradi,64,GH,1536906990,100,4.89,-1.75,75.26,7.05
518,Tahe,68,CN,1536906990,55,52.34,124.71,64.37,4.14
519,Blackwater,75,GB,1536906000,81,51.33,-0.78,53.6,8.05
520,Luba,92,PH,1536906991,87,17.32,120.7,80.21,3.8
521,Una,75,BR,1536901200,94,-15.29,-39.07,69.8,8.05
522,Catio,92,GW,1536906991,97,11.28,-15.25,74.45,3.13
523,San Ramon,68,NI,1536906992,92,12.92,-85.84,69.95,2.13
524,Dire,44,ET,1536906992,80,9.18,38.92,61.67,3.58
527,Codrington,0,AU,1536906992,65,-28.95,153.24,74.63,3.24
528,Leh,76,IN,1536906993,66,34.16,77.58,39.98,2.01
529,Nokaneng,0,BW,1536906993,41,-19.66,22.19,64.19,4.25
530,Melville,1,CA,1536904800,81,50.93,-102.81,48.2,6.93
531,Port Lincoln,0,AU,1536906994,78,-34.72,135.86,63.74,14.32
532,Estevan,1,CA,1536905700,100,49.14,-102.99,48.2,3.24
533,Biak,8,ID,1536906994,69,-0.91,122.88,83.54,9.06
534,Colares,0,PT,1536904800,88,38.8,-9.45,62.6,3.36
535,Baykit,64,RU,1536906995,76,61.68,96.39,38.54,4.14
536,Barentu,0,ER,1536906995,81,15.11,37.59,76.97,4.03
537,Tricase,40,IT,1536904500,88,39.93,18.36,75.2,3.36
539,Honghu,8,CN,1536906996,62,29.82,113.46,90.74,6.26
540,Brae,75,GB,1536906000,87,60.4,-1.35,51.8,5.82
541,Maltahohe,0,NA,1536906996,30,-24.83,16.98,42.59,1.34
542,Polewali,8,ID,1536906996,43,-4.03,119.8,89.39,14.2
543,Qujing,44,CN,1536906997,89,25.49,103.8,69.95,6.6
544,Ucluelet,92,CA,1536906997,100,48.94,-125.55,50.42,1.9
545,Luderitz,0,NA,1536906997,89,-26.65,15.16,49.88,10.85
546,Omboue,92,GA,1536906998,100,-1.57,9.26,75.62,10.4
547,Meulaboh,64,ID,1536906998,100,4.14,96.13,82.82,4.59
548,Panaba,8,MX,1536906998,91,21.28,-88.27,76.52,3.13
549,Novaya Malykla,92,RU,1536906998,93,54.21,49.93,59.42,3.69
550,Izhma,92,RU,1536906999,100,65.01,53.91,49.7,6.71
551,Igunga,0,TZ,1536906999,50,-4.28,33.88,71.57,3.58
552,Svetlogorsk,75,RU,1536904800,45,53.14,59.15,68,15.66
553,Buchanan,75,LR,1536904800,94,5.88,-10.05,73.4,5.37
554,Fairbanks,40,US,1536904560,65,64.84,-147.72,57.2,5.82
556,Kupang,40,ID,1536904800,35,-10.16,123.6,89.6,11.41
558,Dalton,1,US,1536904500,100,34.77,-84.97,75.02,4.14
559,Georgiyevskoye,100,RU,1536907001,66,44.16,39.25,76.07,1.9
560,La Asuncion,64,EC,1536907001,100,-1.64,-78.74,45.2,0.89
561,Show Low,1,US,1536904500,29,34.25,-110.03,64.94,5.82
562,Buala,88,SB,1536907002,100,-8.15,159.59,75.98,8.61
563,Sao Felix do Xingu,36,BR,1536907002,98,-6.64,-51.99,71.03,1.9
564,Praia da Vitoria,20,PT,1536904800,88,38.73,-27.07,71.6,10.85
565,Yagodnoye,88,RU,1536907002,67,62.52,149.63,39.35,2.91
566,Port-Cartier,5,CA,1536904800,93,50.03,-66.88,55.4,3.36
567,Veydelevka,8,RU,1536907003,44,50.15,38.45,72.2,7.05
568,Dingle,92,PH,1536907003,100,11,122.67,74.63,17.22
570,Lavumisa,92,ZA,1536907004,91,-27.31,31.88,61.67,3.8
571,Dhidhdhoo,0,MV,1536907004,100,6.88,73.1,83.99,7.94
572,Leningradskiy,92,RU,1536907004,89,69.38,178.42,44.3,19.69
573,Solnechnyy,12,RU,1536907004,72,50.72,136.64,64.37,2.8
574,Arlit,0,NE,1536907005,23,18.74,7.39,73.46,11.41
575,Matias Barbosa,76,BR,1536906861,93,-21.87,-43.32,58.97,3.69
576,Sinnamary,88,GF,1536906990,96,5.38,-52.96,81.83,13.42
577,Vung Tau,40,VN,1536904800,70,10.35,107.08,87.8,5.82
578,Grand Gaube,40,MU,1536904800,61,-20.01,57.66,77,13.87
579,Tazovskiy,92,RU,1536907006,94,67.47,78.7,37.82,29.08
580,Hami,0,CN,1536907006,84,42.84,93.51,58.25,3.13
581,Luis Correia,0,BR,1536907006,74,-2.88,-41.67,76.34,17.45
582,Shunyi,8,CN,1536906600,48,40.13,116.65,84.2,11.18
583,Inverbervie,44,GB,1536906000,76,56.85,-2.28,55.4,14.99
584,Faya,0,SA,1536904800,26,18.39,42.45,80.6,4.03
585,Kyshtovka,92,RU,1536907007,82,56.56,76.62,57.62,22.59
586,Plymouth,75,GB,1536904200,87,50.37,-4.14,51.8,8.05
587,Illapel,0,CL,1536907008,99,-31.63,-71.17,45.65,2.46
588,Awbari,0,LY,1536907008,48,26.59,12.77,69.32,6.04
589,Usogorsk,92,RU,1536907008,96,63.43,48.71,52.49,7.49
590,Kabwe,0,ZM,1536907009,26,-14.44,28.44,72.74,10.29
591,Jasper,1,US,1536904560,100,33.83,-87.28,75.02,2.35
592,Banjar,44,ID,1536907009,57,-7.37,108.54,81.11,5.82
